,Order Number,Toothbrush Type,Order Date,Customer Age,Order Quantity,Delivery Postcode,Billing Postcode,Dispatched Date
0,BRU00008854,Toothbrush 4000,2022-12-05,15,4,DE24 209LQ,BB5 5HN,2022-12-05
1,BRU00009471,Toothbrush 2000,2022-12-05,77,1,CO1 202SZ,CW5 8PL,2022-12-05
2,BRU00008757,Toothbrush 2000,2022-12-04,76,4,AB11 208LG,CT9 2PA,2022-12-04
3,BRU00009462,Toothbrush 2000,2022-12-05,78,6,GU14 207JW,EH52 6HE,2022-12-05
4,BRU00009350,Toothbrush 2000,2022-12-04,63,9,HD1 205BY,DY4 7EJ,2022-12-04
5,BRU00008793,Toothbrush 4000,2022-12-05,24,1,BB8 209AL,DN35 8JT,2022-12-05
6,BRU00009552,Toothbrush 2000,2022-12-05,80,6,CT12 204HB,HX7 5LT,2022-12-05
7,BRU00009110,Toothbrush 4000,2022-12-05,36,5,BH18 209AL,DY1 2BB,2022-12-05
8,BRU00009201,Toothbrush 2000,2022-12-05,86,2,BS16 202NX,BD22 0RA,2022-12-05
9,BRU00009249,Toothbrush 2000,2022-12-05,76,6,GL51 200EG,CO1 2XH,2022-12-05
10,BRU00009295,Toothbrush 4000,2022-12-05,39,9,HP2 204BW,CO5 7FB,2022-12-05
11,BRU00009393,Toothbrush 2000,2022-12-04,74,5,BH12 205AA,B33 3FP,2022-12-04
12,BRU00009241,Toothbrush 4000,2022-12-05,31,4,BL8 209UQ,CO6 1PQ,2022-12-05
13,BRU00008924,Toothbrush 2000,2022-12-04,74,3,B61 208NE,EH24 9BN,2022-12-04
14,BRU00009621,Toothbrush 2000,2022-12-04,78,5,CV1 203DT,DN17 3QE,2022-12-04
15,BRU00009410,Toothbrush 2000,2022-12-04,72,2,CT4 206NW,BA16 0GA,2022-12-05
16,BRU00009574,Toothbrush 2000,2022-12-04,88,8,B60 209UH,EH10 6SJ,2022-12-04
17,BRU00009614,Toothbrush 4000,2022-12-05,26,7,DE24 208ES,CV31 1EE,2022-12-05
18,BRU00008770,Toothbrush 4000,2022-12-05,22,2,CB9 207QP,B26 1PD,2022-12-05
19,BRU00008983,Toothbrush 4000,2022-12-05,16,3,EX4 209EY,BS10 6JN,2022-12-05
20,BRU00009640,Toothbrush 2000,2022-12-04,69,4,CA2 207JB,G70 6AF,2022-12-04
21,BRU00009036,Toothbrush 2000,2022-12-04,76,1,B24 208LS,EH53 0HH,2022-12-04
22,BRU00009648,Toothbrush 4000,2022-12-05,23,1,CB4 202NN,CF47 0PD,2022-12-05
23,BRU00008936,Toothbrush 4000,2022-12-05,16,9,HP3 208SF,CM20 3LB,2022-12-05
24,BRU00008727,Toothbrush 4000,2022-12-05,38,2,CT3 204BZ,HA6 3PQ,2022-12-05
25,BRU00009002,Toothbrush 2000,2022-12-05,96,4,IP24 203TH,EX5 1PL,2022-12-05
26,BRU00009221,Toothbrush 4000,2022-12-05,15,8,CT4 205BS,BA21 5LF,2022-12-05
27,BRU00009223,Toothbrush 4000,2022-12-05,20,9,HP3 208AN,CH63 0JZ,2022-12-06
28,BRU00009321,Toothbrush 4000,2022-12-05,42,1,CV13 200RJ,DN37 9FB,2022-12-05
29,BRU00009386,Toothbrush 4000,2022-12-05,28,9,AL5 201SY,DE56 0BA,2022-12-05
30,BRU00009593,Toothbrush 2000,2022-12-05,84,9,HX6 201AD,CM23 5RG,2022-12-05
31,BRU00008690,Toothbrush 4000,2022-12-04,26,5,GU8 204HH,B16 6HD,2022-12-05
32,BRU00009580,Toothbrush 2000,2022-12-04,75,5,DA5 201PJ,CV37 9HA,2022-12-04
33,BRU00009478,Toothbrush 2000,2022-12-04,74,2,IG4 205DP,GL14 3DB,2022-12-04
34,BRU00009441,Toothbrush 2000,2022-12-04,87,1,CV1 205QA,DD2 3BR,2022-12-04
35,BRU00009076,Toothbrush 4000,2022-12-05,24,9,CH4 208PY,CT5 3BE,2022-12-05
36,BRU00008718,Toothbrush 4000,2022-12-05,35,5,G32 206LD,BL2 4NA,2022-12-05
37,BRU00008888,Toothbrush 2000,2022-12-05,56,1,DY10 204PH,BN3 8AD,2022-12-05
38,BRU00008952,Toothbrush 2000,2022-12-05,88,2,CH64 202UQ,CM9 6GR,2022-12-05
39,BRU00009116,Toothbrush 4000,2022-12-05,30,9,B74 202QN,B37 7EE,2022-12-05
40,BRU00009351,Toothbrush 4000,2022-12-04,28,8,CH62 205AF,CV34 6TT,2022-12-04
41,BRU00009239,Toothbrush 4000,2022-12-04,24,4,BR4 209JS,BB2 7BD,2022-12-04
42,BRU00009184,Toothbrush 2000,2022-12-04,81,5,B98 200QY,DT11 9HZ,2022-12-04
43,BRU00009092,Toothbrush 4000,2022-12-04,41,5,G63 209DT,CM11 2NR,2022-12-04
44,BRU00009292,Toothbrush 4000,2022-12-05,26,4,CT6 207XG,EH45 9NP,2022-12-05
45,BRU00009148,Toothbrush 2000,2022-12-05,96,8,BD1 209QT,CF83 4GY,2022-12-05
46,BRU00009555,Toothbrush 4000,2022-12-05,23,2,G53 207ER,FY7 7AW,2022-12-05
47,BRU00008719,Toothbrush 2000,2022-12-04,73,6,BB9 207SH,HA2 9AX,2022-12-04
48,BRU00009629,Toothbrush 2000,2022-12-04,73,3,EH9 202LP,HU12 8XA,2022-12-04
49,BRU00009031,Toothbrush 2000,2022-12-04,90,7,E17 205EE,BL2 2JZ,2022-12-04
50,BRU00008818,Toothbrush 4000,2022-12-05,18,7,CR0 206YB,EX6 8RG,2022-12-05
51,BRU00009138,Toothbrush 2000,2022-12-04,79,4,HG5 208PJ,BN12 4LR,2022-12-04
52,BRU00008991,Toothbrush 4000,2022-12-04,32,5,DN21 205DN,B60 4ER,2022-12-04
53,BRU00009384,Toothbrush 4000,2022-12-04,33,7,CF24 201LW,BD20 8PT,2022-12-04
54,BRU00008804,Toothbrush 2000,2022-12-04,67,1,BA12 206HT,DD6 8QZ,2022-12-04
55,BRU00009326,Toothbrush 4000,2022-12-04,29,3,GU1 204ND,BD22 7SW,2022-12-04
56,BRU00009537,Toothbrush 4000,2022-12-05,33,8,DL7 209DS,BN14 7FH,2022-12-05
57,BRU00009391,Toothbrush 2000,2022-12-04,67,3,DD5 204SE,GU47 8AB,2022-12-04
58,BRU00009489,Toothbrush 4000,2022-12-05,22,1,EX16 206PA,CT4 6RP,2022-12-05
59,BRU00008945,Toothbrush 2000,2022-12-05,64,3,DN14 205AR,BB10 3PL,2022-12-05
60,BRU00008870,Toothbrush 4000,2022-12-05,16,4,AB21 207GQ,GY1 6AB,2022-12-05
61,BRU00009667,Toothbrush 4000,2022-12-05,17,6,DN40 209AW,BR1 2EE,2022-12-05
62,BRU00009356,Toothbrush 2000,2022-12-04,80,9,BN13 203AJ,DN14 9LY,2022-12-04
63,BRU00008958,Toothbrush 4000,2022-12-04,3,2,HD6 202DN,HA8 8RU,2022-12-04
64,BRU00008794,Toothbrush 4000,2022-12-05,41,8,DT4 209JE,E2 6QD,2022-12-05
65,BRU00009625,Toothbrush 2000,2022-12-04,69,6,DT3 206SY,CF37 5DS,2022-12-04
66,BRU00009293,Toothbrush 4000,2022-12-05,24,5,HD9 205QP,IG8 0SL,2022-12-05
67,BRU00008920,Toothbrush 2000,2022-12-04,72,3,BD15 200AD,DN36 5PR,2022-12-04
68,BRU00009163,Toothbrush 4000,2022-12-05,37,4,CM20 209TA,CH7 6AX,2022-12-05
69,BRU00008695,Toothbrush 2000,2022-12-04,90,4,FY8 201PA,CV6 4JX,2022-12-04
70,BRU00008953,Toothbrush 4000,2022-12-04,39,6,HX7 208NN,HA5 5SN,2022-12-04
71,BRU00009379,Toothbrush 4000,2022-12-04,20,3,BA3 202EP,BS22 8AG,2022-12-04
72,BRU00009568,Toothbrush 4000,2022-12-05,40,7,HA0 202NR,EH39 4BU,2022-12-05
73,BRU00008943,Toothbrush 4000,2022-12-05,32,2,EH3 206AQ,EX3 0LY,2022-12-05
74,BRU00008849,Toothbrush 2000,2022-12-05,75,8,IM8 201AF,E9 5JY,2022-12-05
75,BRU00008701,Toothbrush 2000,2022-12-04,86,9,HD9 207ES,DD8 1TD,2022-12-04
76,BRU00009433,Toothbrush 2000,2022-12-05,60,8,BL3 204UF,CH62 4UW,2022-12-05
77,BRU00009037,Toothbrush 4000,2022-12-05,23,6,HA2 200AL,HR6 8EW,2022-12-05
78,BRU00009415,Toothbrush 2000,2022-12-04,60,7,DE14 203RG,BD21 1QQ,2022-12-05
79,BRU00008984,Toothbrush 4000,2022-12-05,24,5,EH3 209QB,EX2 8EZ,2022-12-05
80,BRU00009490,Toothbrush 2000,2022-12-04,74,7,CV13 200SD,B67 7AH,2022-12-04
81,BRU00009572,Toothbrush 2000,2022-12-05,95,3,BD19 203HJ,G66 1SS,2022-12-05
82,BRU00009615,Toothbrush 2000,2022-12-04,77,8,DN6 207UX,BS3 9HU,2022-12-04
83,BRU00009016,Toothbrush 4000,2022-12-05,27,3,DD10 200PT,BH11 9PL,2022-12-05
84,BRU00009389,Toothbrush 2000,2022-12-05,82,9,DA7 205NB,BA1 6AB,2022-12-05
85,BRU00008848,Toothbrush 2000,2022-12-04,76,2,BS16 202FT,DE75 7YS,2022-12-04
86,BRU00009019,Toothbrush 4000,2022-12-05,33,1,CO2 209BY,CV9 1PW,2022-12-05
87,BRU00009203,Toothbrush 2000,2022-12-04,84,6,GL14 202LF,CV1 5AE,2022-12-04
88,BRU00008914,Toothbrush 2000,2022-12-04,74,3,EH32 209QS,B18 5SQ,2022-12-04
89,BRU00008893,Toothbrush 2000,2022-12-05,58,2,CA7 201LF,IG6 3AQ,2022-12-05
90,BRU00008997,Toothbrush 2000,2022-12-04,105,1,BH12 203GE,FY6 8LX,2022-12-04
91,BRU00008885,Toothbrush 4000,2022-12-05,20,1,HA2 206NH,CM15 8HX,2022-12-05
92,BRU00009080,Toothbrush 2000,2022-12-05,107,6,G84 209PW,GU24 0LT,2022-12-05
93,BRU00008852,Toothbrush 4000,2022-12-05,30,1,B69 202JD,DY11 6JH,2022-12-05
94,BRU00009418,Toothbrush 4000,2022-12-05,22,5,DH8 207SU,E17 3EJ,2022-12-05
95,BRU00009449,Toothbrush 2000,2022-12-04,70,4,E3 205ND,BH15 3BZ,2022-12-04
96,BRU00008912,Toothbrush 4000,2022-12-04,20,9,BR8 207SU,DN12 3NS,2022-12-04
97,BRU00008785,Toothbrush 4000,2022-12-04,7,2,BH12 205AN,BL5 1AA,2022-12-04
98,BRU00009078,Toothbrush 2000,2022-12-05,73,1,EX23 200NG,CF40 2EU,2022-12-05
99,BRU00008869,Toothbrush 2000,2022-12-05,55,8,B71 203DA,BD19 6JH,2022-12-05
100,BRU00009131,Toothbrush 2000,2022-12-04,52,5,CH6 206HF,HD2 1EU,2022-12-04
101,BRU00008773,Toothbrush 2000,2022-12-04,84,1,EX31 203FU,EX14 4XW,2022-12-04
102,BRU00009285,Toothbrush 4000,2022-12-05,12,2,GY7 209SQ,BB2 5JA,2022-12-05
103,BRU00009103,Toothbrush 2000,2022-12-05,89,5,EX2 209HL,CV33 9PE,2022-12-05
104,BRU00009542,Toothbrush 4000,2022-12-05,24,2,E6 209PZ,CF38 1HF,2022-12-05
105,BRU00008941,Toothbrush 4000,2022-12-05,26,1,CT3 204EY,CV37 7EU,2022-12-05
106,BRU00009533,Toothbrush 2000,2022-12-04,71,9,IM9 206EN,HU17 0PN,2022-12-04
107,BRU00009589,Toothbrush 4000,2022-12-04,8,8,CO6 201AW,DL8 5FB,2022-12-05
108,BRU00009450,Toothbrush 2000,2022-12-05,80,2,BS30 207AB,BD16 2EG,2022-12-05
109,BRU00009525,Toothbrush 4000,2022-12-04,28,3,DT6 206LL,CT9 1DD,2022-12-04
110,BRU00009237,Toothbrush 4000,2022-12-04,18,6,CF31 203SZ,CW7 1SX,2022-12-05
111,BRU00009089,Toothbrush 4000,2022-12-05,23,7,EN1 201BA,AB22 8RZ,2022-12-05
112,BRU00009312,Toothbrush 2000,2022-12-05,69,9,CF14 202NZ,BH12 1NW,2022-12-05
113,BRU00008748,Toothbrush 4000,2022-12-05,27,4,DN5 208PH,DE13 8HU,2022-12-05
114,BRU00009374,Toothbrush 2000,2022-12-04,60,3,B43 207JL,HA2 0QF,2022-12-04
115,BRU00008903,Toothbrush 4000,2022-12-05,31,5,HG5 208JL,CM15 0PP,2022-12-05
116,BRU00009144,Toothbrush 4000,2022-12-05,34,4,IM2 205HN,CH49 5ND,2022-12-05
117,BRU00009380,Toothbrush 2000,2022-12-04,69,8,DL2 202JX,DE13 9AR,2022-12-04
118,BRU00009472,Toothbrush 2000,2022-12-04,83,7,CW9 208HB,CF5 4SL,2022-12-04
119,BRU00009108,Toothbrush 2000,2022-12-05,93,1,CR0 208QL,IM9 5PN,2022-12-05
120,BRU00009254,Toothbrush 4000,2022-12-04,16,6,CR3 200AZ,CV11 6TR,2022-12-04
121,BRU00009630,Toothbrush 4000,2022-12-05,26,3,CW3 200DE,CB3 0LD,2022-12-05
122,BRU00008756,Toothbrush 2000,2022-12-05,84,9,DE6 201PF,BA15 1TY,2022-12-05
123,BRU00009100,Toothbrush 4000,2022-12-04,23,2,EX31 202NH,HD3 4AZ,2022-12-04
124,BRU00009139,Toothbrush 2000,2022-12-04,69,3,CT5 203HQ,BS10 7HE,2022-12-04
125,BRU00008911,Toothbrush 4000,2022-12-04,27,1,EH13 209NB,BB8 8TB,2022-12-04
126,BRU00009569,Toothbrush 2000,2022-12-04,64,3,CF10 205GL,CF32 9SR,2022-12-04
127,BRU00009563,Toothbrush 2000,2022-12-05,71,7,HA5 202TR,BL1 6LH,2022-12-05
128,BRU00009145,Toothbrush 2000,2022-12-05,50,7,IM4 204EU,BS10 6QP,2022-12-05
129,BRU00009193,Toothbrush 2000,2022-12-05,69,5,CM5 209EY,B60 2HD,2022-12-05
130,BRU00009273,Toothbrush 2000,2022-12-04,69,8,B20 203HG,CA11 8EY,2022-12-04
131,BRU00009023,Toothbrush 2000,2022-12-05,63,3,B92 207EG,HA0 1UJ,2022-12-05
132,BRU00009427,Toothbrush 2000,2022-12-04,94,2,HU6 208QA,CF44 0RQ,2022-12-05
133,BRU00008889,Toothbrush 4000,2022-12-04,25,3,EH47 200HX,GY2 4XT,2022-12-04
134,BRU00009085,Toothbrush 4000,2022-12-04,13,9,CR8 205DS,CF45 3EN,2022-12-04
135,BRU00008894,Toothbrush 2000,2022-12-05,88,4,EH52 206FR,G75 9AT,2022-12-05
136,BRU00009001,Toothbrush 4000,2022-12-05,27,7,G82 204LH,B15 3LH,2022-12-05
137,BRU00009039,Toothbrush 2000,2022-12-05,56,4,EH6 208RD,CV2 1EX,2022-12-05
138,BRU00009305,Toothbrush 4000,2022-12-05,16,9,CF47 200LW,DN6 7BP,2022-12-05
139,BRU00008987,Toothbrush 2000,2022-12-05,78,4,CV34 205SS,BD7 1PP,2022-12-05
140,BRU00009353,Toothbrush 2000,2022-12-04,70,6,B77 205NW,HR2 7EG,2022-12-04
141,BRU00008750,Toothbrush 2000,2022-12-05,52,5,DY9 200BN,B15 1NR,2022-12-05
142,BRU00008955,Toothbrush 2000,2022-12-04,63,8,bh107dq,CB98EJ,2022-12-04
143,BRU00008859,Toothbrush 4000,2022-12-04,28,5,bd214tu,CR42EX,2022-12-04
144,BRU00009048,Toothbrush 4000,2022-12-05,27,1,cw82ry,E162LE,2022-12-05
145,BRU00009365,Toothbrush 4000,2022-12-05,24,6,da11sg,CH438TS,2022-12-05
146,BRU00009134,Toothbrush 4000,2022-12-04,35,5,fk103be,EX135FU,2022-12-05
147,BRU00008906,Toothbrush 2000,2022-12-05,88,8,bn29nw,DG109BU,2022-12-05
148,BRU00009564,Toothbrush 4000,2022-12-04,21,2,hr12pg,HA98NZ,2022-12-04
149,BRU00008698,Toothbrush 2000,2022-12-05,67,1,cm210da,CM210DA,2022-12-05
150,BRU00008879,Toothbrush 4000,2022-12-05,24,1,cv108nf,CV108NF,2022-12-05
151,BRU00008769,Toothbrush 4000,2022-12-05,18,4,ip186tn,IP186TN,2022-12-05
152,BRU00008981,Toothbrush 2000,2022-12-04,86,7,ab437aj,AB437AJ,2022-12-04
153,BRU00009421,Toothbrush 4000,2022-12-05,16,1,cb225eb,CB225EB,2022-12-05
154,BRU00009182,Toothbrush 2000,2022-12-05,66,1,cv77bu,CV77BU,2022-12-05
155,BRU00009233,Toothbrush 2000,2022-12-04,67,3,cv470jd,CV470JD,2022-12-04
156,BRU00008726,Toothbrush 4000,2022-12-05,34,2,cv81jp,CV81JP,2022-12-05
157,BRU00009153,Toothbrush 4000,2022-12-04,16,5,dt117pt,DT117PT,2022-12-04
158,BRU00008866,Toothbrush 2000,2022-12-05,69,6,b462qx,B462QX,2022-12-05
159,BRU00009309,Toothbrush 4000,2022-12-05,17,9,e97fh,E97FH,2022-12-05
160,BRU00009581,Toothbrush 4000,2022-12-05,19,5,br87ny,BR87NY,2022-12-05
161,BRU00008925,Toothbrush 2000,2022-12-05,59,3,bn149ad,BN149AD,2022-12-05
162,BRU00009064,Toothbrush 4000,2022-12-05,16,1,bn126ph,BN126PH,2022-12-05
163,BRU00009256,Toothbrush 2000,2022-12-04,72,9,hr47dt,HR47DT,2022-12-04
164,BRU00008834,Toothbrush 4000,2022-12-05,23,3,dl79aw,DL79AW,2022-12-05
165,BRU00009011,Toothbrush 2000,2022-12-04,75,7,dl54he,DL54HE,2022-12-04
166,BRU00009028,Toothbrush 4000,2022-12-05,31,8,b609tr,B609TR,2022-12-05
167,BRU00008913,Toothbrush 2000,2022-12-05,80,9,gl179be,GL179BE,2022-12-05
168,BRU00009413,Toothbrush 4000,2022-12-05,21,5,cv21js,CV21JS,2022-12-05
169,BRU00009358,Toothbrush 4000,2022-12-05,20,6,dl129ju,DL129JU,2022-12-05
170,BRU00009435,Toothbrush 4000,2022-12-05,28,1,cw122gr,CW122GR,2022-12-05
171,BRU00009152,Toothbrush 2000,2022-12-05,68,3,g14hw,G14HW,2022-12-05
172,BRU00009320,Toothbrush 4000,2022-12-06,27,3,ha37bs,HA37BS,2022-12-06
173,BRU00008881,Toothbrush 2000,2022-12-04,72,7,cm194hz,CM194HZ,2022-12-04
174,BRU00009539,Toothbrush 2000,2022-12-04,56,8,cw55hw,CW55HW,2022-12-05
175,BRU00009154,Toothbrush 2000,2022-12-05,79,4,fk38da,FK38DA,2022-12-05
176,BRU00008702,Toothbrush 4000,2022-12-05,27,8,cm63sz,CM63SZ,2022-12-05
177,BRU00009366,Toothbrush 2000,2022-12-05,69,3,en119ad,EN119AD,2022-12-05
178,BRU00009055,Toothbrush 4000,2022-12-05,35,3,dl167xx,DL167XX,2022-12-05
179,BRU00009186,Toothbrush 4000,2022-12-04,23,7,eh130fa,EH130FA,2022-12-04
180,BRU00009325,Toothbrush 4000,2022-12-05,29,3,dt118tx,DT118TX,2022-12-06
181,BRU00009307,Toothbrush 4000,2022-12-05,17,7,dn197ln,DN197LN,2022-12-05
182,BRU00009318,Toothbrush 4000,2022-12-05,33,6,dy81ll,DY81LL,2022-12-05
183,BRU00009185,Toothbrush 4000,2022-12-05,25,6,gl509al,GL509AL,2022-12-05
184,BRU00009024,Toothbrush 2000,2022-12-05,85,2,bd195hs,BD195HS,2022-12-05
185,BRU00009329,Toothbrush 4000,2022-12-04,18,6,ca64qf,CA64QF,2022-12-04
186,BRU00009613,Toothbrush 2000,2022-12-04,78,6,cb97jp,CB97JP,2022-12-04
187,BRU00008838,Toothbrush 2000,2022-12-05,74,4,g11ld,G11LD,2022-12-05
188,BRU00009363,Toothbrush 2000,2022-12-04,89,4,b945ru,B945RU,2022-12-04
189,BRU00008939,Toothbrush 4000,2022-12-04,32,4,eh41jt,EH41JT,2022-12-04
190,BRU00008971,Toothbrush 4000,2022-12-05,12,7,bs169hw,BS169HW,2022-12-05
191,BRU00009123,Toothbrush 4000,2022-12-05,32,3,da99te,DA99TE,2022-12-05
192,BRU00009426,Toothbrush 2000,2022-12-04,75,6,ch12lz,CH12LZ,2022-12-04
193,BRU00009479,Toothbrush 2000,2022-12-05,82,4,g783bz,G783BZ,2022-12-05
194,BRU00008739,Toothbrush 4000,2022-12-05,36,2,ip141sb,IP141SB,2022-12-05
195,BRU00009540,Toothbrush 4000,2022-12-05,22,7,bh220lj,BH220LJ,2022-12-05
196,BRU00008777,Toothbrush 2000,2022-12-04,73,9,al14xu,AL14XU,2022-12-04
197,BRU00008944,Toothbrush 2000,2022-12-04,88,7,dg27py,DG27PY,2022-12-04
198,BRU00008687,Toothbrush 4000,2022-12-05,21,9,ct119tq,CT119TQ,2022-12-05
199,BRU00008775,Toothbrush 4000,2022-12-05,37,1,dy13jt,DY13JT,2022-12-05
200,BRU00009173,Toothbrush 4000,2022-12-05,18,1,bn237bd,BN237BD,2022-12-05
201,BRU00009270,Toothbrush 2000,2022-12-05,89,6,ex202tu,EX202TU,2022-12-05
202,BRU00008989,Toothbrush 2000,2022-12-04,66,6,g331qa,G331QA,2022-12-04
203,BRU00008995,Toothbrush 4000,2022-12-04,24,1,ab422gp,AB422GP,2022-12-04
204,BRU00008876,Toothbrush 2000,2022-12-05,76,2,dy68pg,DY68PG,2022-12-05
205,BRU00009451,Toothbrush 4000,2022-12-04,22,2,e163rh,E163RH,2022-12-04
206,BRU00009651,Toothbrush 4000,2022-12-05,23,4,da75rd,DA75RD,2022-12-05
207,BRU00009220,Toothbrush 2000,2022-12-04,68,6,b779qw,B779QW,2022-12-05
208,BRU00008916,Toothbrush 2000,2022-12-04,78,9,hd59rg,HD59RG,2022-12-04
209,BRU00009473,Toothbrush 4000,2022-12-04,18,1,bs395an,BS395AN,2022-12-04
210,BRU00008815,Toothbrush 2000,2022-12-05,55,4,bd212ag,BD212AG,2022-12-05
211,BRU00009234,Toothbrush 4000,2022-12-04,22,6,e175bt,E175BT,2022-12-04
212,BRU00009313,Toothbrush 2000,2022-12-05,56,4,dn402bj,DN402BJ,2022-12-05
213,BRU00009348,Toothbrush 2000,2022-12-05,82,2,bh119uf,BH119UF,2022-12-05
214,BRU00009086,Toothbrush 4000,2022-12-04,41,9,gl116jb,GL116JB,2022-12-04
215,BRU00009476,Toothbrush 4000,2022-12-05,9,4,fy55bb,FY55BB,2022-12-05
216,BRU00009272,Toothbrush 2000,2022-12-05,65,8,bn211ll,BN211LL,2022-12-05
217,BRU00008722,Toothbrush 2000,2022-12-05,64,2,b235bh,B235BH,2022-12-05
218,BRU00009658,Toothbrush 2000,2022-12-05,67,8,ab124se,AB124SE,2022-12-05
219,BRU00008734,Toothbrush 4000,2022-12-04,16,2,gu280lx,GU280LX,2022-12-05
220,BRU00009551,Toothbrush 4000,2022-12-05,26,1,dg88pe,DG88PE,2022-12-05
221,BRU00008910,Toothbrush 4000,2022-12-05,43,6,cw26qw,CW26QW,2022-12-05
222,BRU00009357,Toothbrush 2000,2022-12-05,69,5,g665jt,G665JT,2022-12-05
223,BRU00008790,Toothbrush 4000,2022-12-05,15,1,bl66lb,BL66LB,2022-12-05
224,BRU00008862,Toothbrush 2000,2022-12-05,48,2,e139px,E139PX,2022-12-05
225,BRU00009207,Toothbrush 4000,2022-12-04,25,1,hx15an,HX15AN,2022-12-04
226,BRU00009342,Toothbrush 4000,2022-12-05,20,6,ex39dd,EX39DD,2022-12-05
227,BRU00009406,Toothbrush 4000,2022-12-05,22,8,hu114jn,HU114JN,2022-12-05
228,BRU00008737,Toothbrush 4000,2022-12-05,28,3,dh34hp,DH34HP,2022-12-05
229,BRU00008974,Toothbrush 4000,2022-12-05,12,2,gy13qq,GY13QQ,2022-12-05
230,BRU00009232,Toothbrush 4000,2022-12-04,30,3,b798ue,B798UE,2022-12-04
231,BRU00009240,Toothbrush 4000,2022-12-05,22,5,gl207bq,GL207BQ,2022-12-05
232,BRU00009333,Toothbrush 4000,2022-12-05,32,9,bn19sf,BN19SF,2022-12-05
233,BRU00009381,Toothbrush 4000,2022-12-05,10,2,ex187bj,EX187BJ,2022-12-05
234,BRU00009372,Toothbrush 4000,2022-12-05,11,3,dl30qe,DL30QE,2022-12-05
235,BRU00008992,Toothbrush 2000,2022-12-05,73,5,ip12ej,IP12EJ,2022-12-05
236,BRU00009401,Toothbrush 2000,2022-12-04,62,6,ab156wg,AB156WG,2022-12-04
237,BRU00009378,Toothbrush 2000,2022-12-04,75,2,gl538hl,GL538HL,2022-12-04
238,BRU00008845,Toothbrush 4000,2022-12-05,16,6,cb231jf,CB231JF,2022-12-05
239,BRU00009150,Toothbrush 4000,2022-12-04,19,7,ba34hr,BA34HR,2022-12-05
240,BRU00008803,Toothbrush 4000,2022-12-04,23,6,co11wr,CO11WR,2022-12-04
241,BRU00009512,Toothbrush 4000,2022-12-05,20,5,hd22ga,HD22GA,2022-12-05
242,BRU00009290,Toothbrush 4000,2022-12-05,15,3,cv65dj,CV65DJ,2022-12-05
243,BRU00009251,Toothbrush 4000,2022-12-05,13,2,en11ll,EN11LL,2022-12-05
244,BRU00009010,Toothbrush 2000,2022-12-05,80,9,cm131dz,CM131DZ,2022-12-05
245,BRU00009344,Toothbrush 2000,2022-12-04,60,6,ex11ta,EX11TA,2022-12-04
246,BRU00008807,Toothbrush 2000,2022-12-05,90,8,dn75ls,DN75LS,2022-12-05
247,BRU00008819,Toothbrush 2000,2022-12-04,84,6,cw111bt,CW111BT,2022-12-04
248,BRU00009041,Toothbrush 4000,2022-12-05,42,7,b956he,B956HE,2022-12-05
249,BRU00008874,Toothbrush 2000,2022-12-05,83,5,ct68ad,CT68AD,2022-12-05
250,BRU00009030,Toothbrush 4000,2022-12-05,25,4,co107ew,CO107EW,2022-12-05
251,BRU00008743,Toothbrush 4000,2022-12-04,22,2,bb56ew,BB56EW,2022-12-04
252,BRU00008875,Toothbrush 4000,2022-12-04,17,8,hp43ag,HP43AG,2022-12-04
253,BRU00009369,Toothbrush 2000,2022-12-05,81,4,ct101sj,CT101SJ,2022-12-05
254,BRU00009050,Toothbrush 2000,2022-12-05,63,7,ca13rt,CA13RT,2022-12-05
255,BRU00009258,Toothbrush 2000,2022-12-05,86,1,en48pp,EN48PP,2022-12-05
256,BRU00009288,Toothbrush 2000,2022-12-04,79,3,dl149ea,DL149EA,2022-12-04
257,BRU00009127,Toothbrush 4000,2022-12-05,20,3,b449ep,B449EP,2022-12-05
258,BRU00009390,Toothbrush 2000,2022-12-05,80,9,e17nr,E17NR,2022-12-05
259,BRU00008853,Toothbrush 4000,2022-12-05,12,9,hx61hb,HX61HB,2022-12-05
260,BRU00008809,Toothbrush 4000,2022-12-05,18,5,al100pg,AL100PG,2022-12-05
261,BRU00008707,Toothbrush 2000,2022-12-05,74,1,al23aq,AL23AQ,2022-12-05
262,BRU00009534,Toothbrush 2000,2022-12-05,89,7,bb44dp,BB44DP,2022-12-05
263,BRU00008998,Toothbrush 4000,2022-12-05,27,5,fk38pr,FK38PR,2022-12-05
264,BRU00008752,Toothbrush 2000,2022-12-04,74,2,cb21an,CB21AN,2022-12-04
265,BRU00009015,Toothbrush 4000,2022-12-05,12,1,ba147tj,BA147TJ,2022-12-05
266,BRU00009529,Toothbrush 2000,2022-12-05,78,2,ch663sq,CH663SQ,2022-12-05
267,BRU00008763,Toothbrush 4000,2022-12-05,21,6,gu511hj,GU511HJ,2022-12-05
268,BRU00008766,Toothbrush 4000,2022-12-04,23,6,g689ef,G689EF,2022-12-04
269,BRU00009124,Toothbrush 4000,2022-12-05,17,1,b713dd,B713DD,2022-12-05
270,BRU00009167,Toothbrush 2000,2022-12-04,93,7,b347nr,B347NR,2022-12-04
271,BRU00009631,Toothbrush 4000,2022-12-05,25,8,b57na,B57NA,2022-12-05
272,BRU00009260,Toothbrush 2000,2022-12-04,86,5,ct88nt,CT88NT,2022-12-04
273,BRU00009263,Toothbrush 2000,2022-12-05,72,9,bh104dl,BH104DL,2022-12-05
274,BRU00009187,Toothbrush 4000,2022-12-04,24,2,dh70hr,DH70HR,2022-12-04
275,BRU00009000,Toothbrush 4000,2022-12-04,17,6,ab393qr,AB393QR,2022-12-04
276,BRU00008798,Toothbrush 2000,2022-12-05,89,6,ct202nu,CT202NU,2022-12-05
277,BRU00009243,Toothbrush 4000,2022-12-05,42,1,b313qy,B313QY,2022-12-05
278,BRU00009047,Toothbrush 4000,2022-12-05,27,5,gl22ey,GL22EY,2022-12-05
279,BRU00009400,Toothbrush 4000,2022-12-05,30,6,bn114bu,BN114BU,2022-12-05
280,BRU00008878,Toothbrush 4000,2022-12-05,41,1,ct54qh,CT54QH,2022-12-05
281,BRU00009414,Toothbrush 2000,2022-12-05,65,9,fy83pu,FY83PU,2022-12-05
282,BRU00008841,Toothbrush 4000,2022-12-05,30,4,cr43eu,CR43EU,2022-12-05
283,BRU00009181,Toothbrush 2000,2022-12-04,64,5,ip200lr,IP200LR,2022-12-04
284,BRU00009253,Toothbrush 4000,2022-12-05,27,5,dy29ae,DY29AE,2022-12-05
285,BRU00009575,Toothbrush 2000,2022-12-04,76,1,ha38lh,HA38LH,2022-12-04
286,BRU00009275,Toothbrush 4000,2022-12-05,9,8,cm50qp,CM50QP,2022-12-05
287,BRU00009338,Toothbrush 4000,2022-12-05,39,4,en110fa,EN110FA,2022-12-05
288,BRU00009111,Toothbrush 4000,2022-12-05,44,2,br67re,BR67RE,2022-12-05
289,BRU00008825,Toothbrush 2000,2022-12-04,75,5,eh222ab,EH222AB,2022-12-04
290,BRU00009628,Toothbrush 4000,2022-12-05,32,7,bn412wp,BN412WP,2022-12-05
291,BRU00009119,Toothbrush 2000,2022-12-04,82,7,e147gs,E147GS,2022-12-04
292,BRU00009032,Toothbrush 2000,2022-12-05,88,2,dl120nw,DL120NW,2022-12-05
293,BRU00009639,Toothbrush 2000,2022-12-05,59,2,cv64nj,CV64NJ,2022-12-05
294,BRU00009029,Toothbrush 2000,2022-12-04,69,4,co156qb,CO156QB,2022-12-04
295,BRU00009620,Toothbrush 4000,2022-12-05,11,3,dn75al,DN75AL,2022-12-05
296,BRU00009444,Toothbrush 2000,2022-12-05,75,1,cr27lt,CR27LT,2022-12-05
297,BRU00009310,Toothbrush 4000,2022-12-04,23,3,cf56bd,CF56BD,2022-12-04
298,BRU00009586,Toothbrush 4000,2022-12-04,25,7,dt101dw,DT101DW,2022-12-04
299,BRU00009522,Toothbrush 4000,2022-12-05,23,6,bb70sb,BB70SB,2022-12-05
300,BRU00008957,Toothbrush 4000,2022-12-05,29,2,ex313th,EX313TH,2022-12-05
301,BRU00008842,Toothbrush 4000,2022-12-05,25,3,gu466xj,GU466XJ,2022-12-05
302,BRU00009261,Toothbrush 2000,2022-12-04,87,5,cf417by,CF417BY,2022-12-04
303,BRU00008895,Toothbrush 4000,2022-12-05,22,7,hu55xj,HU55XJ,2022-12-05
304,BRU00009334,Toothbrush 4000,2022-12-04,29,3,gl510ea,GL510EA,2022-12-04
305,BRU00009545,Toothbrush 4000,2022-12-05,8,7,cv226pq,CV226PQ,2022-12-05
306,BRU00009656,Toothbrush 4000,2022-12-05,35,1,gu470yg,GU470YG,2022-12-05
307,BRU00009388,Toothbrush 4000,2022-12-04,22,4,hp53bp,HP53BP,2022-12-05
308,BRU00008728,Toothbrush 2000,2022-12-04,70,3,dn85ax,DN85AX,2022-12-04
309,BRU00008742,Toothbrush 2000,2022-12-04,63,9,b346dt,B346DT,2022-12-04
310,BRU00009075,Toothbrush 4000,2022-12-05,40,2,im13jw,IM13JW,2022-12-05
311,BRU00009376,Toothbrush 4000,2022-12-05,35,2,ex175he,EX175HE,2022-12-05
312,BRU00009585,Toothbrush 4000,2022-12-05,13,2,g328ju,G328JU,2022-12-05
313,BRU00009633,Toothbrush 4000,2022-12-05,41,4,hx49pr,HX49PR,2022-12-05
314,BRU00009605,Toothbrush 2000,2022-12-04,99,9,cw57lq,CW57LQ,2022-12-04
315,BRU00008915,Toothbrush 4000,2022-12-05,14,7,fk33at,FK33AT,2022-12-05
316,BRU00009437,Toothbrush 4000,2022-12-05,30,4,cv345dt,CV345DT,2022-12-05
317,BRU00009113,Toothbrush 2000,2022-12-04,94,7,e153ny,E153NY,2022-12-04
318,BRU00009626,Toothbrush 2000,2022-12-04,77,1,b22dt,B22DT,2022-12-04
319,BRU00008792,Toothbrush 4000,2022-12-05,16,2,bh105nt,BH105NT,2022-12-05
320,BRU00009448,Toothbrush 2000,2022-12-05,75,2,b440jr,B440JR,2022-12-05
321,BRU00008776,Toothbrush 4000,2022-12-05,24,9,eh222ea,EH222EA,2022-12-05
322,BRU00009189,Toothbrush 2000,2022-12-05,72,9,ha46en,HA46EN,2022-12-05
323,BRU00009368,Toothbrush 2000,2022-12-05,62,7,br12rj,BR12RJ,2022-12-05
324,BRU00008713,Toothbrush 2000,2022-12-04,46,4,co34ls,CO34LS,2022-12-04
325,BRU00008976,Toothbrush 2000,2022-12-05,81,6,ex83bp,EX83BP,2022-12-05
326,BRU00009115,Toothbrush 2000,2022-12-05,77,1,dy51as,DY51AS,2022-12-05
327,BRU00008950,Toothbrush 4000,2022-12-05,36,7,b147rx,B147RX,2022-12-05
328,BRU00008985,Toothbrush 2000,2022-12-05,76,9,e112pf,E112PF,2022-12-05
329,BRU00009164,Toothbrush 4000,2022-12-05,14,3,ca158ja,CA158JA,2022-12-05
330,BRU00009094,Toothbrush 4000,2022-12-04,35,2,cv348dh,CV348DH,2022-12-04
331,BRU00009417,Toothbrush 2000,2022-12-05,62,7,eh89jy,EH89JY,2022-12-05
332,BRU00009665,Toothbrush 2000,2022-12-04,92,9,co109nn,CO109NN,2022-12-04
333,BRU00009264,Toothbrush 4000,2022-12-05,30,1,b324de,B324DE,2022-12-05
334,BRU00009556,Toothbrush 2000,2022-12-05,60,6,gl73le,GL73LE,2022-12-05
335,BRU00009018,Toothbrush 2000,2022-12-05,73,1,ba51bw,BA51BW,2022-12-05
336,BRU00008759,Toothbrush 2000,2022-12-05,84,6,ha28fd,HA28FD,2022-12-05
337,BRU00009553,Toothbrush 2000,2022-12-05,89,6,co93lg,CO93LG,2022-12-05
338,BRU00008731,Toothbrush 2000,2022-12-04,81,7,bs161np,BS161NP,2022-12-04
339,BRU00009468,Toothbrush 4000,2022-12-05,10,4,co49ya,CO49YA,2022-12-05
340,BRU00009609,Toothbrush 4000,2022-12-05,29,4,hx13xa,HX13XA,2022-12-05
341,BRU00009587,Toothbrush 4000,2022-12-04,19,6,cv12lp,CV12LP,2022-12-04
342,BRU00009669,Toothbrush 4000,2022-12-05,27,9,b138jg,B138JG,2022-12-05
343,BRU00009276,Toothbrush 4000,2022-12-05,42,8,eh548aw,EH548AW,2022-12-05
344,BRU00009324,Toothbrush 4000,2022-12-05,19,3,bl34jd,BL34JD,2022-12-05
345,BRU00008827,Toothbrush 2000,2022-12-05,66,1,dl11dr,DL11DR,2022-12-05
346,BRU00009424,Toothbrush 4000,2022-12-05,11,1,b495jr,B495JR,2022-12-05
347,BRU00008688,Toothbrush 4000,2022-12-05,33,6,ha40qz,HA40QZ,2022-12-05
348,BRU00008934,Toothbrush 2000,2022-12-04,82,4,ex312ey,EX312EY,2022-12-04
349,BRU00009178,Toothbrush 4000,2022-12-05,25,1,gu113rn,GU113RN,2022-12-05
350,BRU00008689,Toothbrush 2000,2022-12-04,60,8,bs161ye,BS161YE,2022-12-04
351,BRU00008797,Toothbrush 2000,2022-12-05,61,1,da118nd,DA118ND,2022-12-05
352,BRU00009345,Toothbrush 4000,2022-12-05,15,7,g665lg,G665LG,2022-12-05
353,BRU00009212,Toothbrush 4000,2022-12-05,15,7,g698lg,G698LG,2022-12-05
354,BRU00008771,Toothbrush 4000,2022-12-05,19,4,ex28df,EX28DF,2022-12-05
355,BRU00008708,Toothbrush 4000,2022-12-04,31,8,cv91dx,CV91DX,2022-12-04
356,BRU00009323,Toothbrush 4000,2022-12-05,18,3,bb127bu,BB127BU,2022-12-05
357,BRU00009601,Toothbrush 4000,2022-12-05,32,2,cm73rf,CM73RF,2022-12-05
358,BRU00008821,Toothbrush 2000,2022-12-05,67,3,ba80te,BA80TE,2022-12-05
359,BRU00009573,Toothbrush 4000,2022-12-05,31,9,cr78as,CR78AS,2022-12-05
360,BRU00009005,Toothbrush 2000,2022-12-05,86,3,hr53dy,HR53DY,2022-12-05
361,BRU00009128,Toothbrush 4000,2022-12-04,40,7,dl19rh,DL19RH,2022-12-04
362,BRU00008716,Toothbrush 2000,2022-12-04,66,1,ct157nt,CT157NT,2022-12-04
363,BRU00008740,Toothbrush 4000,2022-12-05,10,1,hu129he,HU129HE,2022-12-05
364,BRU00009341,Toothbrush 2000,2022-12-05,65,7,bn998zu,BN998ZU,2022-12-05
365,BRU00009477,Toothbrush 4000,2022-12-04,29,7,gu151bj,GU151BJ,2022-12-04
366,BRU00009510,Toothbrush 2000,2022-12-05,99,3,g718ru,G718RU,2022-12-05
367,BRU00009592,Toothbrush 4000,2022-12-05,20,3,eh345eq,EH345EQ,2022-12-05
368,BRU00009125,Toothbrush 4000,2022-12-05,33,6,dn59jp,DN59JP,2022-12-05
369,BRU00009524,Toothbrush 2000,2022-12-04,89,7,ch51be,CH51BE,2022-12-04
370,BRU00009567,Toothbrush 2000,2022-12-05,52,7,dn49dr,DN49DR,2022-12-05
371,BRU00009104,Toothbrush 2000,2022-12-04,75,6,ex395qx,EX395QX,2022-12-04
372,BRU00008778,Toothbrush 2000,2022-12-05,86,2,gl542ns,GL542NS,2022-12-05
373,BRU00009470,Toothbrush 2000,2022-12-04,84,2,bh242ns,BH242NS,2022-12-04
374,BRU00009315,Toothbrush 2000,2022-12-04,76,5,gl32jj,GL32JJ,2022-12-04
375,BRU00009059,Toothbrush 4000,2022-12-05,13,8,bs84rj,BS84RJ,2022-12-05
376,BRU00009660,Toothbrush 4000,2022-12-05,21,6,ct51lp,CT51LP,2022-12-05
377,BRU00009536,Toothbrush 2000,2022-12-05,69,8,ct13rn,CT13RN,2022-12-05
378,BRU00008733,Toothbrush 2000,2022-12-04,75,8,ba32ja,BA32JA,2022-12-04
379,BRU00008996,Toothbrush 4000,2022-12-05,37,8,dd76aj,DD76AJ,2022-12-05
380,BRU00008926,Toothbrush 4000,2022-12-05,23,6,dg109ph,DG109PH,2022-12-05
381,BRU00009151,Toothbrush 4000,2022-12-05,31,6,dn76ed,DN76ED,2022-12-05
382,BRU00009526,Toothbrush 2000,2022-12-04,92,3,ex227ln,EX227LN,2022-12-04
383,BRU00008802,Toothbrush 2000,2022-12-05,87,5,b487la,B487LA,2022-12-05
384,BRU00009228,Toothbrush 2000,2022-12-04,110,6,cf319zy,CF319ZY,2022-12-04
385,BRU00009252,Toothbrush 2000,2022-12-04,78,2,da124tl,DA124TL,2022-12-04
386,BRU00008899,Toothbrush 2000,2022-12-05,66,3,bs78us,BS78US,2022-12-05
387,BRU00009443,Toothbrush 4000,2022-12-04,15,9,ex49bx,EX49BX,2022-12-04
388,BRU00008730,Toothbrush 4000,2022-12-05,35,3,cv78jw,CV78JW,2022-12-05
389,BRU00009302,Toothbrush 2000,2022-12-04,63,2,ab251xr,AB251XR,2022-12-04
390,BRU00009655,Toothbrush 4000,2022-12-04,41,3,eh530fr,EH530FR,2022-12-04
391,BRU00008970,Toothbrush 4000,2022-12-05,26,9,gu273le,GU273LE,2022-12-05
392,BRU00008774,Toothbrush 2000,2022-12-04,81,1,ca255ns,CA255NS,2022-12-04
393,BRU00009447,Toothbrush 2000,2022-12-05,69,4,dl70rd,DL70RD,2022-12-05
394,BRU00008779,Toothbrush 2000,2022-12-05,80,4,gl537dn,GL537DN,2022-12-05
395,BRU00009590,Toothbrush 4000,2022-12-05,27,8,eh120an,EH120AN,2022-12-05
396,BRU00009347,Toothbrush 4000,2022-12-05,30,3,b736th,B736TH,2022-12-05
397,BRU00009227,Toothbrush 2000,2022-12-04,85,4,g443he,G443HE,2022-12-04
398,BRU00008767,Toothbrush 2000,2022-12-05,89,7,bd227rh,BD227RH,2022-12-05
399,BRU00008990,Toothbrush 2000,2022-12-04,88,2,cb87qb,CB87QB,2022-12-04
400,BRU00008872,Toothbrush 4000,2022-12-05,17,3,cm144gx,CM144GX,2022-12-05
401,BRU00008758,Toothbrush 4000,2022-12-05,36,8,bn133pp,BN133PP,2022-12-05
402,BRU00009452,Toothbrush 4000,2022-12-05,14,3,bn73jr,BN73JR,2022-12-05
403,BRU00008917,Toothbrush 4000,2022-12-05,21,2,e84eb,E84EB,2022-12-05
404,BRU00008951,Toothbrush 2000,2022-12-04,81,8,br20pu,BR20PU,2022-12-04
405,BRU00009114,Toothbrush 4000,2022-12-05,28,1,eh546up,EH546UP,2022-12-05
406,BRU00008918,Toothbrush 2000,2022-12-04,80,6,gl73nr,GL73NR,2022-12-04
407,BRU00009072,Toothbrush 4000,2022-12-05,27,5,ex108ne,EX108NE,2022-12-05
408,BRU00009440,Toothbrush 4000,2022-12-05,21,8,e49lp,E49LP,2022-12-05
409,BRU00009205,Toothbrush 2000,2022-12-04,75,4,ab228pu,AB228PU,2022-12-04
410,BRU00008768,Toothbrush 2000,2022-12-05,67,7,en76an,EN76AN,2022-12-05
411,BRU00009496,Toothbrush 4000,2022-12-05,36,4,cm131ad,CM131AD,2022-12-05
412,BRU00008937,Toothbrush 4000,2022-12-05,23,5,de53ps,DE53PS,2022-12-05
413,BRU00009156,Toothbrush 4000,2022-12-04,23,2,hr95ub,HR95UB,2022-12-04
414,BRU00009155,Toothbrush 4000,2022-12-05,14,9,ca101hh,CA101HH,2022-12-05
415,BRU00009627,Toothbrush 4000,2022-12-05,24,8,hp51an,HP51AN,2022-12-05
416,BRU00008882,Toothbrush 2000,2022-12-05,83,5,gu98hx,GU98HX,2022-12-05
417,BRU00009056,Toothbrush 4000,2022-12-05,40,9,ca288ds,CA288DS,2022-12-05
418,BRU00009474,Toothbrush 4000,2022-12-05,33,8,cw60eq,CW60EQ,2022-12-05
419,BRU00009238,Toothbrush 2000,2022-12-05,71,7,cm112qt,CM112QT,2022-12-05
420,BRU00008930,Toothbrush 4000,2022-12-04,7,2,gl48hp,GL48HP,2022-12-04
421,BRU00009359,Toothbrush 4000,2022-12-05,36,2,bn162au,BN162AU,2022-12-05
422,BRU00009118,Toothbrush 4000,2022-12-05,23,6,de736aj,DE736AJ,2022-12-05
423,BRU00009121,Toothbrush 2000,2022-12-05,86,1,bh25fb,BH25FB,2022-12-05
424,BRU00009624,Toothbrush 2000,2022-12-05,68,7,ct196lt,CT196LT,2022-12-05
425,BRU00008963,Toothbrush 2000,2022-12-05,59,6,bd14pu,BD14PU,2022-12-05
426,BRU00008979,Toothbrush 4000,2022-12-05,35,7,en13jp,EN13JP,2022-12-05
427,BRU00009335,Toothbrush 2000,2022-12-05,74,4,hd34pr,HD34PR,2022-12-05
428,BRU00009465,Toothbrush 4000,2022-12-05,32,2,bd162ry,BD162RY,2022-12-05
429,BRU00008749,Toothbrush 2000,2022-12-04,75,4,ch21jj,CH21JJ,2022-12-04
430,BRU00008966,Toothbrush 2000,2022-12-05,48,8,bh205qj,BH205QJ,2022-12-05
431,BRU00009361,Toothbrush 4000,2022-12-05,21,4,gu152rz,GU152RZ,2022-12-05
432,BRU00009515,Toothbrush 4000,2022-12-05,22,4,im11ql,IM11QL,2022-12-05
433,BRU00009645,Toothbrush 4000,2022-12-04,37,4,eh53nr,EH53NR,2022-12-04
434,BRU00009517,Toothbrush 4000,2022-12-05,30,1,e181ej,E181EJ,2022-12-05
435,BRU00009576,Toothbrush 2000,2022-12-05,54,6,cv212dn,CV212DN,2022-12-05
436,BRU00009670,Toothbrush 4000,2022-12-05,17,2,gy68yh,GY68YH,2022-12-05
437,BRU00009021,Toothbrush 4000,2022-12-05,28,5,ig119dj,IG119DJ,2022-12-05
438,BRU00008693,Toothbrush 2000,2022-12-04,73,9,bh37lx,BH37LX,2022-12-04
439,BRU00008712,Toothbrush 4000,2022-12-04,37,5,dn57tu,DN57TU,2022-12-04
440,BRU00008855,Toothbrush 2000,2022-12-04,81,2,b781hu,B781HU,2022-12-04
441,BRU00009225,Toothbrush 2000,2022-12-05,79,4,ab422ul,AB422UL,2022-12-05
442,BRU00009532,Toothbrush 4000,2022-12-05,29,2,gl39ew,GL39EW,2022-12-05
443,BRU00009057,Toothbrush 4000,2022-12-05,29,6,ab118jw,AB118JW,2022-12-05
444,BRU00009404,Toothbrush 4000,2022-12-05,28,3,hd59ba,HD59BA,2022-12-05
445,BRU00009304,Toothbrush 2000,2022-12-04,90,4,cm33lj,CM33LJ,2022-12-04
446,BRU00009194,Toothbrush 4000,2022-12-05,21,9,bb31pu,BB31PU,2022-12-05
447,BRU00009043,Toothbrush 2000,2022-12-05,82,4,b955ne,B955NE,2022-12-05
448,BRU00008830,Toothbrush 2000,2022-12-05,82,6,b152nl,B152NL,2022-12-05
449,BRU00009271,Toothbrush 4000,2022-12-05,24,5,cv219sq,CV219SQ,2022-12-05
450,BRU00008814,Toothbrush 2000,2022-12-05,82,9,ex172dg,EX172DG,2022-12-05
451,BRU00008858,Toothbrush 2000,2022-12-04,92,6,ha02ha,HA02HA,2022-12-04
452,BRU00008968,Toothbrush 4000,2022-12-05,35,9,fk102nj,FK102NJ,2022-12-05
453,BRU00008829,Toothbrush 2000,2022-12-05,74,1,bs219dn,BS219DN,2022-12-05
454,BRU00009375,Toothbrush 4000,2022-12-05,23,9,co108dl,CO108DL,2022-12-05
455,BRU00009508,Toothbrush 2000,2022-12-04,56,8,e11rf,E11RF,2022-12-04
456,BRU00009618,Toothbrush 4000,2022-12-05,27,3,ch36rl,CH36RL,2022-12-05
457,BRU00008700,Toothbrush 2000,2022-12-04,75,4,dh78hd,DH78HD,2022-12-04
458,BRU00008795,Toothbrush 4000,2022-12-05,34,9,gy80nj,GY80NJ,2022-12-05
459,BRU00009077,Toothbrush 4000,2022-12-04,16,8,b311nx,B311NX,2022-12-04
460,BRU00009317,Toothbrush 4000,2022-12-05,23,2,dl56pz,DL56PZ,2022-12-05
461,BRU00008940,Toothbrush 4000,2022-12-05,23,3,hx77ex,HX77EX,2022-12-05
462,BRU00009250,Toothbrush 2000,2022-12-04,70,3,bh13rh,BH13RH,2022-12-04
463,BRU00008904,Toothbrush 2000,2022-12-04,64,5,cb226rz,CB226RZ,2022-12-04
464,BRU00008843,Toothbrush 2000,2022-12-04,66,6,cm13na,CM13NA,2022-12-04
465,BRU00009099,Toothbrush 4000,2022-12-05,30,7,gu321rb,GU321RB,2022-12-05
466,BRU00008864,Toothbrush 2000,2022-12-04,86,7,dy104nu,DY104NU,2022-12-04
467,BRU00009322,Toothbrush 4000,2022-12-05,34,5,g743ty,G743TY,2022-12-05
468,BRU00009535,Toothbrush 4000,2022-12-04,31,8,br87de,BR87DE,2022-12-04
469,BRU00009650,Toothbrush 4000,2022-12-05,15,2,e26px,E26PX,2022-12-05
470,BRU00008901,Toothbrush 2000,2022-12-05,70,2,cv349rq,CV349RQ,2022-12-05
471,BRU00009434,Toothbrush 2000,2022-12-04,77,5,g409ax,G409AX,2022-12-04
472,BRU00009246,Toothbrush 2000,2022-12-04,60,1,ch472by,CH472BY,2022-12-04
473,BRU00009242,Toothbrush 2000,2022-12-05,58,7,dg73jj,DG73JJ,2022-12-05
474,BRU00009514,Toothbrush 4000,2022-12-05,18,8,br51bg,BR51BG,2022-12-05
475,BRU00009349,Toothbrush 2000,2022-12-04,71,8,e162bz,E162BZ,2022-12-04
476,BRU00009602,Toothbrush 2000,2022-12-05,73,9,dh98nl,DH98NL,2022-12-05
477,BRU00009230,Toothbrush 4000,2022-12-05,24,1,ch22wf,CH22WF,2022-12-05
478,BRU00009196,Toothbrush 2000,2022-12-05,72,4,fy51bu,FY51BU,2022-12-05
479,BRU00009668,Toothbrush 2000,2022-12-04,64,3,ch51as,CH51AS,2022-12-04
480,BRU00009259,Toothbrush 2000,2022-12-05,81,2,b633qq,B633QQ,2022-12-05
481,BRU00009009,Toothbrush 2000,2022-12-05,64,8,gu350ht,GU350HT,2022-12-05
482,BRU00009067,Toothbrush 2000,2022-12-04,66,4,cm992dr,CM992DR,2022-12-04
483,BRU00009328,Toothbrush 2000,2022-12-04,74,4,cb61jh,CB61JH,2022-12-04
484,BRU00008919,Toothbrush 4000,2022-12-05,25,2,eh125ry,EH125RY,2022-12-05
485,BRU00008986,Toothbrush 4000,2022-12-05,21,4,gl541hy,GL541HY,2022-12-05
486,BRU00009062,Toothbrush 2000,2022-12-04,54,3,ct118lz,CT118LZ,2022-12-04
487,BRU00008801,Toothbrush 4000,2022-12-05,27,5,b389qr,B389QR,2022-12-05
488,BRU00009091,Toothbrush 4000,2022-12-04,21,3,dh22lf,DH22LF,2022-12-04
489,BRU00008729,Toothbrush 4000,2022-12-04,2,5,dg73sb,DG73SB,2022-12-04
490,BRU00009236,Toothbrush 2000,2022-12-04,86,3,ex328hg,EX328HG,2022-12-04
491,BRU00008861,Toothbrush 4000,2022-12-04,28,2,g468rw,G468RW,2022-12-04
492,BRU00009492,Toothbrush 4000,2022-12-04,44,9,bn435aa,BN435AA,2022-12-04
493,BRU00009598,Toothbrush 2000,2022-12-05,76,4,de655nf,DE655NF,2022-12-05
494,BRU00009314,Toothbrush 4000,2022-12-05,31,1,dn200qx,DN200QX,2022-12-05
495,BRU00009383,Toothbrush 4000,2022-12-04,34,7,al86ae,AL86AE,2022-12-04
496,BRU00008846,Toothbrush 4000,2022-12-05,40,3,ba51ez,BA51EZ,2022-12-05
497,BRU00008994,Toothbrush 4000,2022-12-05,27,6,cf104an,CF104AN,2022-12-05
498,BRU00009038,Toothbrush 2000,2022-12-05,75,2,eh259qh,EH259QH,2022-12-05
499,BRU00009557,Toothbrush 2000,2022-12-05,61,8,b22af,B22AF,2022-12-05
500,BRU00008732,Toothbrush 2000,2022-12-04,64,6,bd73az,BD73AZ,2022-12-04
501,BRU00008782,Toothbrush 2000,2022-12-05,82,9,ip172qd,IP172QD,2022-12-05
502,BRU00008973,Toothbrush 2000,2022-12-04,70,1,fk83uz,FK83UZ,2022-12-04
503,BRU00009591,Toothbrush 2000,2022-12-04,63,7,cm62ra,CM62RA,2022-12-04
504,BRU00009006,Toothbrush 4000,2022-12-05,26,7,de561ql,DE561QL,2022-12-05
505,BRU00008833,Toothbrush 2000,2022-12-04,83,2,cf105er,CF105ER,2022-12-04
506,BRU00008927,Toothbrush 4000,2022-12-05,27,9,bh235df,BH235DF,2022-12-05
507,BRU00009105,Toothbrush 4000,2022-12-04,20,5,dh97en,DH97EN,2022-12-04
508,BRU00009214,Toothbrush 4000,2022-12-04,10,4,de216gw,DE216GW,2022-12-04
509,BRU00009597,Toothbrush 4000,2022-12-05,27,1,ch413rz,CH413RZ,2022-12-05
510,BRU00008691,Toothbrush 2000,2022-12-05,61,5,ex143lf,EX143LF,2022-12-05
511,BRU00009432,Toothbrush 4000,2022-12-05,27,6,g750jn,G750JN,2022-12-05
512,BRU00009206,Toothbrush 2000,2022-12-04,80,6,cm112ls,CM112LS,2022-12-04
513,BRU00009582,Toothbrush 4000,2022-12-05,27,5,cm71es,CM71ES,2022-12-05
514,BRU00009603,Toothbrush 2000,2022-12-05,74,9,co152rb,CO152RB,2022-12-05
515,BRU00009162,Toothbrush 2000,2022-12-05,78,1,ch444aa,CH444AA,2022-12-05
516,BRU00009480,Toothbrush 4000,2022-12-05,23,4,dl133lu,DL133LU,2022-12-05
517,BRU00008887,Toothbrush 4000,2022-12-05,24,8,gl504bq,GL504BQ,2022-12-05
518,BRU00008796,Toothbrush 2000,2022-12-04,96,8,bd164lq,BD164LQ,2022-12-04
519,BRU00008762,Toothbrush 2000,2022-12-04,78,9,cw121ps,CW121PS,2022-12-04
520,BRU00009122,Toothbrush 4000,2022-12-04,25,7,bl16ql,BL16QL,2022-12-04
521,BRU00009548,Toothbrush 4000,2022-12-04,27,8,cr36dd,CR36DD,2022-12-04
522,BRU00009565,Toothbrush 4000,2022-12-05,19,9,e32ay,E32AY,2022-12-05
523,BRU00008787,Toothbrush 2000,2022-12-04,79,8,bl99ej,BL99EJ,2022-12-04
524,BRU00009664,Toothbrush 2000,2022-12-04,72,3,ba160tq,BA160TQ,2022-12-04
525,BRU00008886,Toothbrush 4000,2022-12-05,18,6,gu48qx,GU48QX,2022-12-05
526,BRU00008988,Toothbrush 4000,2022-12-05,21,3,hp109uw,HP109UW,2022-12-05
527,BRU00009420,Toothbrush 2000,2022-12-04,89,3,ch481xx,CH481XX,2022-12-04
528,BRU00009484,Toothbrush 4000,2022-12-05,28,5,bn26wb,BN26WB,2022-12-05
529,BRU00009033,Toothbrush 4000,2022-12-05,52,4,dy40la,DY40LA,2022-12-05
530,BRU00008783,Toothbrush 2000,2022-12-05,85,1,ex395es,EX395ES,2022-12-05
531,BRU00009559,Toothbrush 4000,2022-12-05,25,1,ca174qr,CA174QR,2022-12-05
532,BRU00009403,Toothbrush 4000,2022-12-05,31,7,ch426rg,CH426RG,2022-12-05
533,BRU00009608,Toothbrush 4000,2022-12-05,29,4,dn227xx,DN227XX,2022-12-05
534,BRU00008905,Toothbrush 2000,2022-12-05,80,2,ip28na,IP28NA,2022-12-05
535,BRU00008805,Toothbrush 2000,2022-12-04,59,6,bb15bt,BB15BT,2022-12-04
536,BRU00009199,Toothbrush 2000,2022-12-05,76,7,bb30qd,BB30QD,2022-12-05
537,BRU00008697,Toothbrush 4000,2022-12-04,13,1,hu31ab,HU31AB,2022-12-04
538,BRU00009149,Toothbrush 4000,2022-12-05,26,7,cf371qx,CF371QX,2022-12-05
539,BRU00009458,Toothbrush 2000,2022-12-04,54,9,dd96jr,DD96JR,2022-12-04
540,BRU00009170,Toothbrush 4000,2022-12-04,8,4,cr36te,CR36TE,2022-12-05
541,BRU00009408,Toothbrush 4000,2022-12-05,26,1,de557jy,DE557JY,2022-12-05
542,BRU00009235,Toothbrush 2000,2022-12-04,81,3,ex44fg,EX44FG,2022-12-04
543,BRU00009636,Toothbrush 2000,2022-12-04,61,8,g735rb,G735RB,2022-12-04
544,BRU00009083,Toothbrush 2000,2022-12-04,103,2,da146ax,DA146AX,2022-12-04
545,BRU00009133,Toothbrush 2000,2022-12-05,82,4,g522dr,G522DR,2022-12-05
546,BRU00009623,Toothbrush 4000,2022-12-05,18,3,dh23jq,DH23JQ,2022-12-05
547,BRU00009012,Toothbrush 4000,2022-12-04,29,3,dh46tx,DH46TX,2022-12-04
548,BRU00009084,Toothbrush 2000,2022-12-04,52,2,e125hl,E125HL,2022-12-04
549,BRU00009017,Toothbrush 2000,2022-12-04,64,6,bn27gd,BN27GD,2022-12-04
550,BRU00008704,Toothbrush 4000,2022-12-05,46,6,g412eg,G412EG,2022-12-05
551,BRU00008959,Toothbrush 4000,2022-12-05,29,9,b94bx,B94BX,2022-12-05
552,BRU00009394,Toothbrush 4000,2022-12-05,19,9,eh44dy,EH44DY,2022-12-05
553,BRU00008954,Toothbrush 2000,2022-12-04,89,5,cr02sf,CR02SF,2022-12-04
554,BRU00008806,Toothbrush 2000,2022-12-05,76,3,ch75fb,CH75FB,2022-12-05
555,BRU00008824,Toothbrush 4000,2022-12-05,30,8,ha61bp,HA61BP,2022-12-05
556,BRU00009120,Toothbrush 2000,2022-12-04,84,1,ig95tf,IG95TF,2022-12-04
557,BRU00009213,Toothbrush 4000,2022-12-05,19,3,bd89lt,BD89LT,2022-12-05
558,BRU00008999,Toothbrush 2000,2022-12-04,89,6,cv213ph,CV213PH,2022-12-04
559,BRU00008931,Toothbrush 4000,2022-12-05,17,1,al52jn,AL52JN,2022-12-05
560,BRU00008781,Toothbrush 4000,2022-12-05,7,4,bn14fn,BN14FN,2022-12-05
561,BRU00009461,Toothbrush 4000,2022-12-05,21,4,ch466ed,CH466ED,2022-12-05
562,BRU00009135,Toothbrush 4000,2022-12-04,33,1,ig26pt,IG26PT,2022-12-04
563,BRU00009661,Toothbrush 4000,2022-12-05,26,6,g314au,G314AU,2022-12-05
564,BRU00008871,Toothbrush 4000,2022-12-04,22,3,gl529ty,GL529TY,2022-12-04
565,BRU00009169,Toothbrush 4000,2022-12-05,37,2,co169hg,CO169HG,2022-12-05
566,BRU00008761,Toothbrush 4000,2022-12-05,29,1,ha74sh,HA74SH,2022-12-05
567,BRU00009456,Toothbrush 2000,2022-12-04,91,5,bh119un,BH119UN,2022-12-05
568,BRU00009262,Toothbrush 4000,2022-12-05,42,2,eh217ql,EH217QL,2022-12-05
569,BRU00009106,Toothbrush 4000,2022-12-04,30,7,e1w2sf,E1W2SF,2022-12-04
570,BRU00009129,Toothbrush 2000,2022-12-05,79,1,bl40dx,BL40DX,2022-12-05
571,BRU00009209,Toothbrush 4000,2022-12-05,21,3,hu67lj,HU67LJ,2022-12-05
572,BRU00009371,Toothbrush 4000,2022-12-05,12,7,hu69ap,HU69AP,2022-12-05
573,BRU00009455,Toothbrush 2000,2022-12-04,69,6,ch15ha,CH15HA,2022-12-04
574,BRU00008747,Toothbrush 2000,2022-12-05,74,9,cf145qe,CF145QE,2022-12-05
575,BRU00009355,Toothbrush 2000,2022-12-04,76,5,ch438sf,CH438SF,2022-12-04
576,BRU00009638,Toothbrush 2000,2022-12-05,80,5,hp135hl,HP135HL,2022-12-05
577,BRU00009506,Toothbrush 4000,2022-12-05,25,6,e126sj,E126SJ,2022-12-05
578,BRU00009190,Toothbrush 4000,2022-12-05,32,4,e181dh,E181DH,2022-12-05
579,BRU00008975,Toothbrush 2000,2022-12-04,94,4,bs110jj,BS110JJ,2022-12-04
580,BRU00009488,Toothbrush 4000,2022-12-05,9,9,cm201xp,CM201XP,2022-12-05
581,BRU00008820,Toothbrush 2000,2022-12-05,46,9,hu151er,HU151ER,2022-12-05
582,BRU00008738,Toothbrush 2000,2022-12-04,65,4,eh51aj,EH51AJ,2022-12-04
583,BRU00008808,Toothbrush 4000,2022-12-05,16,8,cv81gr,CV81GR,2022-12-05
584,BRU00009416,Toothbrush 2000,2022-12-04,94,3,bn72ey,BN72EY,2022-12-04
585,BRU00008764,Toothbrush 4000,2022-12-04,25,6,ch662qy,CH662QY,2022-12-05
586,BRU00008720,Toothbrush 4000,2022-12-05,32,9,cw55lz,CW55LZ,2022-12-05
587,BRU00009045,Toothbrush 4000,2022-12-05,20,4,dn104nt,DN104NT,2022-12-05
588,BRU00009419,Toothbrush 4000,2022-12-05,19,2,eh111us,EH111US,2022-12-05
589,BRU00009126,Toothbrush 2000,2022-12-04,96,6,ex153ra,EX153RA,2022-12-04
590,BRU00008897,Toothbrush 2000,2022-12-05,85,4,eh222ar,EH222AR,2022-12-05
591,BRU00009399,Toothbrush 2000,2022-12-04,82,8,fy60dl,FY60DL,2022-12-04
592,BRU00009158,Toothbrush 2000,2022-12-05,75,4,g630du,G630DU,2022-12-05
593,BRU00009146,Toothbrush 2000,2022-12-05,62,3,hp178bl,HP178BL,2022-12-05
594,BRU00009387,Toothbrush 2000,2022-12-05,66,9,cv59lz,CV59LZ,2022-12-05
595,BRU00009402,Toothbrush 4000,2022-12-05,48,9,bs34nl,BS34NL,2022-12-05
596,BRU00009523,Toothbrush 2000,2022-12-04,79,5,ig61fu,IG61FU,2022-12-04
597,BRU00009069,Toothbrush 2000,2022-12-05,69,6,dd97yy,DD97YY,2022-12-05
598,BRU00008868,Toothbrush 2000,2022-12-05,85,3,cf55ll,CF55LL,2022-12-05
599,BRU00009364,Toothbrush 2000,2022-12-05,67,3,eh260rb,EH260RB,2022-12-05
600,BRU00009202,Toothbrush 4000,2022-12-05,47,3,gl33ub,GL33UB,2022-12-05
601,BRU00009475,Toothbrush 2000,2022-12-05,80,1,ab555de,AB555DE,2022-12-05
602,BRU00009518,Toothbrush 2000,2022-12-04,80,2,cr03nl,CR03NL,2022-12-04
603,BRU00008735,Toothbrush 4000,2022-12-04,13,6,de735ww,DE735WW,2022-12-04
604,BRU00009635,Toothbrush 2000,2022-12-04,68,9,dh11pw,DH11PW,2022-12-04
605,BRU00009577,Toothbrush 4000,2022-12-05,45,9,ab421uf,AB421UF,2022-12-05
606,BRU00009446,Toothbrush 4000,2022-12-05,17,3,bb32jn,BB32JN,2022-12-05
607,BRU00008956,Toothbrush 4000,2022-12-05,11,9,bs78nw,BS78NW,2022-12-05
608,BRU00009079,Toothbrush 2000,2022-12-05,93,2,dg98ta,DG98TA,2022-12-05
609,BRU00009192,Toothbrush 4000,2022-12-04,19,9,bs419by,BS419BY,2022-12-04
610,BRU00009274,Toothbrush 2000,2022-12-04,72,5,e146jj,E146JJ,2022-12-04
611,BRU00009224,Toothbrush 4000,2022-12-05,35,2,cw58fq,CW58FQ,2022-12-05
612,BRU00008791,Toothbrush 2000,2022-12-05,92,2,e50ah,E50AH,2022-12-05
613,BRU00009137,Toothbrush 4000,2022-12-05,36,8,hu32ue,HU32UE,2022-12-05
614,BRU00009503,Toothbrush 4000,2022-12-04,22,4,dl166bg,DL166BG,2022-12-04
615,BRU00008857,Toothbrush 4000,2022-12-05,19,2,DY2 0UP,DY2   0UP,2022-12-05
616,BRU00009453,Toothbrush 4000,2022-12-05,45,2,BA2 3NT,BA2   3NT,2022-12-05
617,BRU00009051,Toothbrush 2000,2022-12-04,75,7,BN10 8JL,BN10   8JL,2022-12-05
618,BRU00009647,Toothbrush 4000,2022-12-05,35,8,E16 4TL,E16   4TL,2022-12-05
619,BRU00009442,Toothbrush 4000,2022-12-04,23,7,BN14 8DU,BN14   8DU,2022-12-04
620,BRU00009269,Toothbrush 2000,2022-12-04,81,8,DL3 8EE,DL3   8EE,2022-12-05
621,BRU00009172,Toothbrush 4000,2022-12-04,41,2,B30 3AE,B30   3AE,2022-12-05
622,BRU00008865,Toothbrush 4000,2022-12-05,30,5,DD4 7HT,DD4   7HT,2022-12-05
623,BRU00008751,Toothbrush 2000,2022-12-04,59,4,FK17 8EA,FK17   8EA,2022-12-04
624,BRU00008753,Toothbrush 2000,2022-12-05,64,2,CO5 7QS,CO5   7QS,2022-12-05
625,BRU00008754,Toothbrush 2000,2022-12-04,76,5,GL4 0SQ,GL4   0SQ,2022-12-04
626,BRU00009316,Toothbrush 4000,2022-12-04,11,6,GL54 2DY,GL54   2DY,2022-12-04
627,BRU00009594,Toothbrush 4000,2022-12-05,9,4,B73 5TJ,B73   5TJ,2022-12-05
628,BRU00009412,Toothbrush 4000,2022-12-05,31,9,B93 0DT,B93   0DT,2022-12-05
629,BRU00008760,Toothbrush 2000,2022-12-05,54,9,GU1 4NG,GU1   4NG,2022-12-05
630,BRU00009097,Toothbrush 4000,2022-12-05,22,8,B62 0AS,B62   0AS,2022-12-05
631,BRU00009003,Toothbrush 4000,2022-12-05,18,9,EX16 8RD,EX16   8RD,2022-12-05
632,BRU00008831,Toothbrush 2000,2022-12-04,83,5,B79 7JL,B79   7JL,2022-12-04
633,BRU00009090,Toothbrush 4000,2022-12-05,27,1,EX8 2BW,EX8   2BW,2022-12-05
634,BRU00009493,Toothbrush 2000,2022-12-04,81,5,CM17 9LR,CM17   9LR,2022-12-04
635,BRU00009093,Toothbrush 2000,2022-12-05,72,5,BR5 2EJ,BR5   2EJ,2022-12-05
636,BRU00009303,Toothbrush 4000,2022-12-04,35,2,HR1 3AB,HR1   3AB,2022-12-04
637,BRU00009549,Toothbrush 2000,2022-12-04,87,7,BR2 0ER,BR2   0ER,2022-12-05
638,BRU00008717,Toothbrush 4000,2022-12-04,16,9,CO6 1AZ,CO6   1AZ,2022-12-04
639,BRU00008961,Toothbrush 2000,2022-12-04,90,9,BR2 9TY,BR2   9TY,2022-12-04
640,BRU00009176,Toothbrush 2000,2022-12-05,77,3,DG11 1PZ,DG11   1PZ,2022-12-05
641,BRU00009654,Toothbrush 4000,2022-12-04,31,4,DN19 7DP,DN19   7DP,2022-12-04
642,BRU00008964,Toothbrush 2000,2022-12-05,83,2,CV31 2PG,CV31   2PG,2022-12-05
643,BRU00008772,Toothbrush 2000,2022-12-05,87,9,DE24 0PQ,DE24   0PQ,2022-12-05
644,BRU00008929,Toothbrush 4000,2022-12-04,25,3,B46 3EG,B46   3EG,2022-12-04
645,BRU00008960,Toothbrush 2000,2022-12-04,80,4,DT7 3AG,DT7   3AG,2022-12-04
646,BRU00009607,Toothbrush 4000,2022-12-05,11,9,IP25 7AD,IP25   7AD,2022-12-05
647,BRU00008837,Toothbrush 2000,2022-12-04,84,8,G53 7GQ,G53   7GQ,2022-12-04
648,BRU00009140,Toothbrush 4000,2022-12-05,46,8,DH7 0NA,DH7   0NA,2022-12-05
649,BRU00009026,Toothbrush 2000,2022-12-04,80,3,EH11 1NS,EH11   1NS,2022-12-04
650,BRU00009610,Toothbrush 4000,2022-12-04,29,7,EN3 7JS,EN3   7JS,2022-12-04
651,BRU00009096,Toothbrush 2000,2022-12-05,70,8,CH4 0JR,CH4   0JR,2022-12-05
652,BRU00009657,Toothbrush 2000,2022-12-05,68,6,DE72 2DU,DE72   2DU,2022-12-05
653,BRU00009398,Toothbrush 2000,2022-12-04,48,5,AL7 1NW,AL7   1NW,2022-12-04
654,BRU00009332,Toothbrush 2000,2022-12-04,54,1,G51 3TR,G51   3TR,2022-12-04
655,BRU00008839,Toothbrush 4000,2022-12-05,16,1,CM13 3FF,CM13   3FF,2022-12-05
656,BRU00009330,Toothbrush 2000,2022-12-05,84,9,CF63 4PH,CF63   4PH,2022-12-05
657,BRU00009098,Toothbrush 4000,2022-12-05,25,1,BH20 6EJ,BH20   6EJ,2022-12-05
658,BRU00009649,Toothbrush 4000,2022-12-05,14,9,CV47 8FG,CV47   8FG,2022-12-05
659,BRU00008948,Toothbrush 2000,2022-12-05,86,5,AL4 8RB,AL4   8RB,2022-12-05
660,BRU00009486,Toothbrush 2000,2022-12-05,83,6,DD8 1SQ,DD8   1SQ,2022-12-05
661,BRU00009027,Toothbrush 4000,2022-12-05,25,8,GL1 4BE,GL1   4BE,2022-12-05
662,BRU00009007,Toothbrush 2000,2022-12-05,49,5,EH14 5AS,EH14   5AS,2022-12-05
663,BRU00009046,Toothbrush 4000,2022-12-05,23,7,B20 2JJ,B20   2JJ,2022-12-05
664,BRU00009611,Toothbrush 2000,2022-12-05,96,5,BS2 0GY,BS2   0GY,2022-12-05
665,BRU00009382,Toothbrush 2000,2022-12-04,82,9,FK8 1ND,FK8   1ND,2022-12-04
666,BRU00009392,Toothbrush 2000,2022-12-05,73,7,HU9 4ED,HU9   4ED,2022-12-05
667,BRU00009306,Toothbrush 2000,2022-12-05,60,1,DA12 1PF,DA12   1PF,2022-12-05
668,BRU00008969,Toothbrush 2000,2022-12-04,64,5,E1 3AP,E1   3AP,2022-12-04
669,BRU00009211,Toothbrush 4000,2022-12-05,47,6,BD17 6TG,BD17   6TG,2022-12-05
670,BRU00009339,Toothbrush 4000,2022-12-04,26,6,DH9 8HG,DH9   8HG,2022-12-04
671,BRU00009244,Toothbrush 2000,2022-12-04,59,2,EH51 9LZ,EH51   9LZ,2022-12-04
672,BRU00009469,Toothbrush 2000,2022-12-04,90,5,DY14 8HG,DY14   8HG,2022-12-04
673,BRU00009117,Toothbrush 2000,2022-12-05,73,3,CV13 6HU,CV13   6HU,2022-12-05
674,BRU00008723,Toothbrush 4000,2022-12-05,11,4,BH19 1PU,BH19   1PU,2022-12-05
